index,address
0,juno109xq5v7sw4enwp4pkj8qahqa0uc8xel7yf7kye
0,juno108tvhuc4lajvgxx2ujlzaepgq4pdyqfl68n7jw
0,juno10jel6r89yzvaml8tf7alhfwzwgyx0ake7dlgh8
0,juno13vwzpmmada8aangxtjyfschf04fh7mfj5x4skp
1,juno143vvxpr46vq7yzc5kefvmdesdqsdxn58t7609j
2,juno1452c2vzf8e5jkut2036z44vqsrf5lcrlsmnuf9
3,juno147nu8n84xs98r42tka28cx0lp588zy4vqxqv36
4,juno148ncfd3ymxcrqu034rdehpprguz65cfwj9e63w
5,juno149xu30eqnu5kfl207razavtgtgl6dgxdaqnjje
6,juno14a5dthj4vdelhgqdh84jvsphnmc0eymllhhfzq
7,juno14edy0mskwzyen3g6p3w8tanzjm8e06kxmnmdjf
8,juno14f4784dxxfty3m9cxz7gxegfwftfyfgkw7prh8
9,juno14rt5w9u8xn8ty8axa4k5m9g64x8qsedreg5qz0
10,juno14tmyhnktwanccx42f6fnwhawehxze92ketuz0q
11,juno14wq2akvrc66euwh2mp3kc2q25dl3p47t3fj29l
12,juno14zat8wng0y2g3g0kze7rhustn52cwygs0ytaf0
13,juno153l8ng6puwut2kcjj74fk5wx34jaktckwhem2v
14,juno15406g34dl5v9780tx2q3vtjdpkdgq4hhsc9v2a
15,juno1550c0zq7yky2lxane8twg499jw9avlrcujt0kr
16,juno156gj299487pk4lsjh7emvv9es2fxkr0xgt9ggq
17,juno15cx3a0fc3mxnd84fxlzpwzah9fu47sd94nqnyg
18,juno15ddxdgtxj75gtr5tc5sfkdennw9sxry3r8ya4r
19,juno15eu6lym326mmcdu6nmtdmx4qntwh2ewuu45faa
20,juno15fvungclq4mtx3te8x9c6dhmn4wq4dl5yd0sfs
21,juno15gsjdeerdzgwyt3dgd9xl59pqw6fwgdhlyl3n3
22,juno15gz0e8agyhmymvl52aejpnl72ls6mkc8phtc5j
23,juno15hxq8y8w6hwpjxxzqk63uh97258jv2xd4yqg6c
24,juno15md4wkfqux35ak5rh2409yk3gx8l4y5s60fk7u
25,juno15n7py2l2aq3v04cqet87j6045sf4jnl6p2th5q
26,juno15sm75lwskn4n524rfluujsganlkvnepzskxfak
27,juno15wdjq9d7lueyxqv6s425p5tp6axnaykxmcxns5
28,juno15x7whjtpuuw4reym2xd5cccc5jq80ha8575rwv
29,juno160v2vk9cmu0h8nep8ka9v3umuxgsxr9ael397w
30,juno160zqg9y2a649w8h8af6pvkr2anghk06q20cr5m
31,juno16882vgctc9kvu75jql3exwhjypztpffa0lga4n
32,juno16cayvvf9ytwxpp20v2n64em42h97y3tj8es2dx
33,juno16f09dxt7mg55vysutqug3yyz0j0t8r4s8nzr5t
34,juno16grcte8a7drr8acj4wxe8v7sdhwuqv3spxpue2
35,juno16halnnc0qj3pfs3rmeggm349dgwkk860zy7j54
36,juno16j27garauwte0663kqhj9sqr8ea6fzzsu8nr3w
37,juno16smjqa6pq0cz82dgvt2hqygqj4069anl0m6pfy
38,juno16tfgkfayh30eaef9zc548dswm8c7urg8tmm0n6
39,juno16tq0vcl5t9gep0sak7evex32xdqheaxk5rdul8
40,juno16u8sc7hdvm5azk9dsuvmnq0ugjpf492ul8glyw
41,juno174p2f0d5yc0p39tkvayaqlle3ckwcuet0vuw7f
42,juno179dq5lfk57kvpvn6zk4fgklmcggmyk3fny8aan
43,juno17aysgakelp96gl0a0hre2gsarv3jej7gsatfuj
44,juno17dayg5v2vhfnhczsyjwkn4t9ek79we8cadz7xz
45,juno17m0ray74qyy66lpgqktm3y8h2dt3t7r38h3q4g
46,juno17qrfgsyepv3mk2f29jkvf0y7q0fnyx7d0snec0
47,juno17t08gk6tehycwc3cza0myqu2kyxrf6k85wmusy
48,juno17vxf0y0x0gkhan33yhpeuxhyzd5069vn798mhf
49,juno183nnun3xl7amzskn3apmnx7h6gwr427c2pn7gv
50,juno18f5nduc77d6qv7kqjpcu48dkglyaeyxsxay6sc
51,juno18k8sr8dmsllf9jnfw0qnjmumflh8a6hyttdenl
52,juno18q85cqsuu97hpu7vn54433k86cxv29k26g8zhz
53,juno18ujt5lj6t3yxvv7l6fy7htdren4fpjev0ervnn
54,juno192s99ahncgl79axjvng4zupllcqy2rhyd6x43w
55,juno19546utgx69m27uc3wrpx8956f3xyhruqp9g2h4
56,juno19enhux802sxs7rnnp5hkade39r4el7gn9zh7ks
57,juno19ht69203lfj0gre7r850u4y2peqdsdupgzdscv
58,juno19nsyf4u803h9h50zclcph3ywy2tdnhpwt3dev0
59,juno19pmfjylerdheawryjsmryw96stxvjctmt62vhf
60,juno19s0rwl8jk2pcvux5zsyw7necf2rq7z6ty0dwph
61,juno19s7nrzxwlwwt4pdk4dnk9wltnr67w6sd0u7lvx
62,juno19s7pwwgwhy93kxtyksctdcsrxqakn7y60ng6t2
63,juno19sph5wrfs2kh7xgh27fksadv93dctjpzguj22q
64,juno19uraxqsucmfvzvdhjhu2ycypqfh2z8k0uh66cm
65,juno1a0l8uu83fe43u7zf2f8epqdqjypwtzq33sxy0f
66,juno1a4vddyr55m0rpe92zk73vq5vurlpgyv2dfnljt
67,juno1a6mjc0nzrpzdr94s7hffthuscehy96h8t2vcpp
68,juno1a7xy4em6w0xfztpwdputvg8sfh6rm4t5pmyvng
69,juno1a8u02d5y8a9mlwkkvwegeurhxu8kc970wmutcz
70,juno1a9vgr6f2ag4lkz0jrd9t2uyxp3yqagn68gj9pc
71,juno1aekcc7v4c6vxvcx5njmer68y8rrln7jxl75raa
72,juno1agzfyr6seu68med5nzmztn7jg2c8n8ph68utu6
73,juno1ahwarfdl7agy4mwcw4s35k7rw3j3m3tgeu0wdh
74,juno1algjxvnhf9rk8hxmjjc29saae848adhlny443q
75,juno1alw6erwtmpza4cekcjs7uxaudz7m9vq8zv7t87
76,juno1an7untm0j46parl25rymd3pewmqpycvk5er7kc
77,juno1ane5s5mvee2ldzm6wv9erxp6vw5wng2c38taz8
78,juno1anfxgkmuvqkx87ge69dpv37wn2maquwxcy7e7p
79,juno1anvl823huua7g08996p9usv3dnkc43q7ep8hn4
80,juno1aqx6p38439t6jlddj4wjjtljcq98w9gdn374va
81,juno1atwvr2flsvth0m9ssx624lc8stxc9kyajsw88m
82,juno1azeq452qwrxmyk36ayd4hfjjtcndhwvg2drap5
83,juno1c3r9jsgzdv2m2pekaahxkxz07z0ry0na9tmrw9
84,juno1c7l9qpd7gkz057q9nns93ptu4gpjjpj7nxf28u
85,juno1cd8mauxrd0jx5vurphlcjzjlannwaxfmhttv6j
86,juno1ce3uxwdn86anrwzq89t4ugvrtzu0a53c0565g0
87,juno1ch6p44xtp9c66kmy5kesx0px09a438xpn4espc
88,juno1chckfyh2ttpx9fhu7r6nqnrsfl9zeptz9qxgy6
89,juno1ck2njm0s25tmcl5sdaldd9fmhc2x6pqdl0ugxr
90,juno1ckmdermeu9kk7eknjxz2lcp46yaycygqc00pxe
91,juno1clgsykfeutctsfjuvwz5sqruf9ten0fx6drhml
92,juno1clrsaflh3484ellezq4n9nr4yg2e43xsfpphj2
93,juno1cmx9m8hc6vgsxfj6n7ff6a0lwrueks3dzjv7xs
94,juno1cu9asccxghup3f7ee0akzqtrga3wusuuea3hdq
95,juno1cwecw85ecn5zjppfsm59ddsa7gqa3pnfatvcpz
96,juno1cxful6l52eh0aknkufwtwmre7c4lvhv3lktgaf
97,juno1d26q4py45z0fwf9s7venh5vf3yl0dn90l34xwp
98,juno1d6yvf0qd2wgy3p5fwx0jkcgdt5tcpt8l3xwyfy
99,juno1da49eye57cvlvln7h04q0mux7pdecszjgkynug
100,juno1ddmmtady24ncs5z8k5tuqyvpcfvxjc6up2pdf3
101,juno1de90ugj46jznmfwcpk4ydn2vh8m7zhcxwjnuqd
102,juno1dh53w5y6uya296a6yf5le93hj3zd8xme2f27vu
103,juno1dhtsuwhhq7q3a5ljuflrmfvpmuny46r82nmp87
104,juno1dkqem467z8l7vjktx7ldg93r82e056qshfwv8l
105,juno1dpq7rg5nuc6ndepqj8apn386cgfqlr66az46g3
106,juno1du49a5208nka5mdw9vj4dh8xa3scc9upa3z89e
107,juno1dxc3qcsaddsak524yerslp29gqf65fzuqcg5ju
108,juno1e2pjmajlnxgmk22h8zmv2u0hcyv5pha75tajy5
109,juno1edkmckk90ffmtx90ykevzu2htqx04xt3pte9mm
110,juno1ehgpg7qr72vglkaqvtc5uu3gfqkjfynmy3a2x5
111,juno1epndumdtte0kpwl34p9dwy9w5t65zmf0ywef6d
112,juno1eykraalrxtwhvfe5npuf3l08csnx6x6yue4l2m
113,juno1eymapsam3l5ymas76avez0adlvw3u293xzlfpf
114,juno1f2jf5yle3tgtjwjjk45zvf9ejwfmrvteuz8a9l
115,juno1f3jz80hl0ja4khmg2e4j6ppcjcca90v7yflqch
116,juno1fcukvhl5c82h4s7uxtsmknl30l3p6xtq96nt7k
117,juno1ff87fqgnd4cmcae3xumc7hwrtfgr9fls8sj9m0
118,juno1fn0h75ee5rudwfnuc47nrkqes5pftp373xvrgj
119,juno1fnu8j0flhzkvww9ydk77u7fqaa4fltsajda0qy
120,juno1fpyks94ctvwlmdqqmsv3muxxe0n4d78nctgjfy
121,juno1fsczk3dj3eqp62qeeg4jcwvg939zwa676y4pjj
122,juno1fu3c5fxww3uv3dlfk5yfq0dutgpk4l742lx624
123,juno1fvfh8py05qqs5x3vz258gv68c3afh3y7zmyd23
124,juno1fxa8uludtua36fgj5l8rh0drvn8m0a6hve9gmj
125,juno1fxn0dw8g34m6y43qskneyyw2f2hartmzf4p25n
126,juno1g5urq7wqff2asddv2jwefadhhnsre2ssfzkp8x
127,juno1ga7nyuhlgxvtd7aryqtf8mhl3udep4d4d7yp2d
128,juno1gcj6dduz4nde39xc28v3ftrwujxje3nazv5xx0
129,juno1gk737smj58de7pqhw8f5ud4kknjup2fvk3twyr
130,juno1gtzazqzhg3sczpwtft23x4r46d4zlxnfgp66j9
131,juno1gwqkt8rka8kg67x4f0jnsvw4hgv6rejgq8s2t9
132,juno1gzr8qv7dp3dzx0a6mya78z5jr3qfeyt9n55euk
133,juno1h80f0a7609xhttwqpzs6ujnreu7lhv8344tcg6
134,juno1h9ku78ahn3e4uyvyneynqlmltfazhs924dwyfs
135,juno1hcxmc3zxc3exggf0gx0hdd5sry3kvq8ntkkwyr
136,juno1hev6muhpu0ynuk829fqftr3jhnuvcwvnk74akr
137,juno1hfzwg0r4ep40zfltwys0km999npe02w67299k4
138,juno1hkmqh4pg56g44q4h2zvkuh38wykxhe3gwhv8wx
139,juno1hn0pt9rfsjgmu6wncu0pna8ntf76arpk4f59sg
140,juno1hpr6265thvfstwr9j496vfe8wn975pfp6jm6v6
141,juno1htdaewcgkd2rfjzmjax7ze6aala73n6cksc7lx
142,juno1htf6gzp5skzd9q5805fdfw64lzhuel55j9fpma
143,juno1huwakhh0cntj7f28ddegruk3dg6cj65efdax0v
144,juno1hweykrmnzxv8hmkz9hr92rzramkjducecmsmfa
145,juno1j0m7ttzrmjetj0juj0698pflw3a86ddtyapgm4
146,juno1j7u72t4jfwxt5z04uwvf3s68zmaaxqxcsnpp98
147,juno1jexvnyd84mry4rpm0w2ueahjxwevpmnpt2830m
148,juno1jjsm4yd7zds3cemusufmlph6j7vqjq54sns858
149,juno1jm869uf3kgg8fgfjhflsspgftd5n3mezeykfl7
150,juno1jqxkm70urhs96uf6z0k3ur6qk56arzjq9cnqtk
151,juno1jsj9hewhd8dvwfckmgf632r70ajaqkdvj3hyda
152,juno1jxc7ph07y83qwsn4gud25rv7srhkdxt02rzpw3
153,juno1jy3ygr6kldcyqcr2yk9z5hen5lgj5827jnrdqu
154,juno1k4ug3v9axg7qdf25s3dupct6tgcgy4wp3edl26
155,juno1k7tz95q7eecpyhs54u4lu4f2rfrca5mjdyc788
156,juno1k8zklwyxdq50aakvs2k0evavju3qflcats7fal
157,juno1kc3urcw4ex564hyrac0vxe62lu07wk0vvaulgn
158,juno1kfc5gyquzwug4hg9ykeavauwpc2j5q0c8m37vn
159,juno1kjtmkagp4fz7tx9nsu5a2xfnz6m50nudznr99w
160,juno1kktwz6mhf972wee98rljhktnm8pgx8qycz3kd2
161,juno1kkv402z0nxtf0qvpk3m4s0zjh0ltwv66zcc6u0
162,juno1kr7jcknas4q9t63pk4v8u4w6y4plrng9qvy49d
163,juno1krv9mfpdy8l7k33ec0qwjuwf7a35g52aqt7gg3
164,juno1krz2jjuqcry28rz6u43hkenr43euqj8nnl5uym
165,juno1ksweq0gc8je2yfjdwdzzw4uxgt6rg5kkhum9l5
166,juno1kt3lvhkxj809plgk9rm4pd8ljvf0fh83lkf2yu
167,juno1kuxswm3tc0hlkryzf5djjle3duz2cem33wjsj2
168,juno1kuze2re6t38cmr25fplee9734a6svlze0wczef
169,juno1kwc9dxx8zecrtax6fejskm6m5puxvza3mucapc
170,juno1kykrr9f2uw3jxcvs59u8g0guglywlre7xan8uf
171,juno1l0uyf6ljnmdaw4ngqnpfgtrg4t9ym0g4j9d669
172,juno1l3d0nptkg8uc5qgqlafkqzfvjlnd5nhu6942f5
173,juno1l40zf8gfrlj9ht34ax53yx8w4tehvhdrgkv4kk
174,juno1l4f263t37ssxyxd4sa5qelcmvz06hgtfmnd8e6
175,juno1l8xam7x7q8rpsav02k0j8nhexxxhcgwf6dzwtt
176,juno1l8zpfqf47r4082rufwyshm4dchj6t9e8fseflu
177,juno1l9at70g24zztlfu53rwchtd9znrsfz62cstv28
178,juno1lc6km5pregspnewhhn46s42s6qv4dhvewmyl9s
179,juno1ldlhxstkceaej7xj0sduezmhnaw7maqjmp0c9l
180,juno1ldnaq7e6mukw9w8ka8m054upyqhdtn64n28kau
181,juno1lfu7pdxnrls8qjfel0nznergr4yyyn963qn06z
182,juno1lgyhz0lvdzkm62ac6yc73s4fppexz9ghgk7fyc
183,juno1lj6h5mznygghykje06eh8jus5u9qq524rtn2vm
184,juno1lm7u2g4w23rv5z5kgz8e8w8s33qjt8p0nazjqs
185,juno1ltf6sm45lv0cump5ytkw0sd2hgj3all9k75rjd
186,juno1lwkll4jhn794rvxq234qa3tv057up5lcz2ldae
187,juno1lxprahs9ptamq3rshtg8mhmztvxmkv20ju634k
188,juno1lz6h20wqgzv64qd5dkm5c8gmv777dz5tzsg2ty
189,juno1m2e25ejc7zfe2s29pg0atjdamumtvpp9tsj47q
190,juno1m5pq75z65fvd3c5d4gpw2pzehf55sfdj2e56xg
191,juno1m7grdmj3cc9z6dm827zdtzfcgwkrgevl73u8mm
192,juno1mgz65wtr3j4ffmsq6rvxsrc5wpdrvymkvp024w
193,juno1mh8tnn9g7avw9ws2e9k3v2dxwe90wszchjlkm6
194,juno1mmfl8uz5ff008rr7v76nts8wunsw0nu29nfrz7
195,juno1ms3hggg3new5xkdrzmnp8ka30hssmlg9uy4ywh
196,juno1muglp3aj04ee80ef9ldnd5cdlxyaw4a887qrkm
197,juno1mwhz840wtcm8254kl5e46yjcakqy5p5x7nhru4
198,juno1n4a7szqm4gu0xegntwy245fjq8tlfh4vr0xf4h
199,juno1n5flpdy8zkdahru6rqtj26cf63h2cgsz463v7p
200,juno1n7htchn6skls0v8h7mwlaa68ya30lxrg5whglx
201,juno1nc0hm70ujjdc4z24fzl3t27fweerwdtq4e97jf
202,juno1ndkgwj86py6ylvff4pvtj6tmsrafzzgz3wvej6
203,juno1ndxf0wljp2qnxcm8ue29qfqkrz7vlmdw6y7nma
204,juno1neqdtlet9sa2zw3s20nl7pzvpa5kc8jc552mqj
205,juno1nethnlm2j7k0vfreew973fu62s0xn8pujstzc0
206,juno1nspzyxgj9lkgztpvj6sqsgpnhtultzs29puqul
207,juno1nt2fpelyhqw52krcgd5r4wttyasr2djk5xf6pn
208,juno1nu4kz6gutkrjty09y5j9g5z9c45syqt3dpwlm2
209,juno1nztdgv0545srvxkm2aphcfc0esgvt0zgyguv8y
210,juno1p08ns5w3v064s4eaa352wcvz3vqgggfwux96f3
211,juno1p2l9grqmt2znq867hlfw2qluj359kd2fpyxs7z
212,juno1p5cnyt8as23jdjsxfkvnerafj2d53wlucw5r4a
213,juno1p6q7l88aydwetcydtrtgwehpemfzmd9kmv4v79
214,juno1pds8hqgu23x23ykvdw5dpm75cvg7tdq0vvtfxz
215,juno1pf4aveqq2td8c7uwq76zwmjntwlutvklgh7yxl
216,juno1pg0lfu3t045qj76k59kfj24xvdv8d4g9mnx677
217,juno1pm8jhqcmjhh85u5ja0yqcahk42n5dsgc75ucsj
218,juno1ppa0crgalkagacgqxutpsypmhqvq2dj3jge8sz
219,juno1pq590st9q3nz5l233kd8whgggnl3m6c9w79vtj
220,juno1pq7mnp9wk5mzeus9gz047ajalzcl2q7pjs5lrm
221,juno1ps6f67034fp22nqpvkur5pry039nfjpu65dkwr
222,juno1pttg3s34aqpehnksjk45hwte3qdmug3ulr7utw
223,juno1pzphakhuwktym33ak76kvvtxrfth2njlx3z2hj
224,juno1q9nqr27ydkducgy33et0w5f37tq35f5rmc9yzl
225,juno1q9xs89pnflqjk6msanwny5ha7gmmnvyrg824jw
226,juno1qar9hsq504n0nafl08tzusga7fkup47vvnvw8c
227,juno1qazqc3wr40y3z5gnmydrpxnz5zvxlqwphr6ya3
228,juno1qkyf5f0t90j57z0jm9h6nuwr3lvef3l4e8ulgc
229,juno1qm8ttsqm99uucnjqg7h2qzlrl6rxcay785zsmw
230,juno1qn2xcf9ufa5cla9gdnh884rszz3ylqaf2d799r
231,juno1qnpx3y9jrx6z439r55aekmelkwe3fp42cvhyjm
232,juno1qqudhxuc3eg8u6pshyrcz5ta8kt6lcfw3t85g0
233,juno1qumlaa33qkn9mx9gxc0znqengpmt9rtnf5t37g
234,juno1qyu98652hmf3n8q88g2yv8spagt9wf8pf72mvq
235,juno1r22gj033ajluqrvqwdfjtnqvgc959cxr74xm0m
236,juno1r2du3xv5v8vgxaf8s8xql4mrgg972ghq9j4tw9
237,juno1r5kxua23rrgaf85t2kdyv0l288l6hf0cuwa0r2
238,juno1r9k74ntguz4lyvz7wzmhuay0acx2z0pqrnwnpz
239,juno1r9mekllcz0fqdt0w2lstckw9exxtvzpqp6g9ye
240,juno1reqnu9dv3elc0m46vsz0hrkzwdpnqkyx84xkpa
241,juno1rh4dluvm59qe8dumxn6xrrx4qaxcswq6ygmzta
242,juno1rhh6qg0cqq94pqyy3v0zdgy7jwqncka8q3k8cw
243,juno1rpljh50vcte3hqng3ggdxh5g6dyapwqka7f8wn
244,juno1rtd9p4279dwj4twdn6zxqkm7748p6d0gyz9dge
245,juno1runnns00ux2mw8ge3mjqg6z82nxjv76s0qk2t4
246,juno1rxjahkenllcgv3ftj5ualyrq397tj6aw6hwz9k
247,juno1rzlnl0yjuztvm7ctkmhc3aj9pyash66nuuvstg
248,juno1s03r0363l2c8mss60tchnftsjgdlnup3ls5czs
249,juno1s2cgwzxwyw5jkedz2rekvetnrmwkpc6c4xtrjy
250,juno1s7kezw24wlzpw30fcf2240lslc5jm6l3gvjgpf
251,juno1sc3x6qw0ettcz26a9nvaeftvgcm97qsp9sf9kz
252,juno1sghqztvgjv3ug6ltpvvwwyhpt35u7hu8x9skc9
253,juno1sq0jatf07sdgt6fqtarqvpsp6f32dqlnqkrt5e
254,juno1sr0lw3rnl4u3zz7hxrek0pp26hjhapec48wlrw
255,juno1st9y369mkl6ymwftzyms60s9j8l924340cc7zh
256,juno1sx4hwqzwdzj0780805wvduay8wqflutg7sav3t
257,juno1sxe4ahua972hdvvd06qncjj504avg683rpsszv
258,juno1t03ak05ny7ake2rq8u35fr5cqlkj3p8cm06k7x
259,juno1t0x5t0r2d4cq9k2rjf9e2csm6442g3hpj2tj4g
260,juno1t363dd0djvsr0y2sq2lga4xa82kal7l2ay4pll
261,juno1t5lx9y368e0fsf8yr84hqwdy3rqtut3p569v3x
262,juno1t987w4w68wqa2tgdaxjh9lpfaxaeym85dn9ku6
263,juno1tc2hll3wfhu247scwnvu6ppgrwgc6sjz3thvf0
264,juno1tcezdrc87ye9st75d73nm7psxpd6mx9aagacga
265,juno1tr4wrydnh3fugxyn23l8zd5tw46wu2vwpw586g
266,juno1tshwngxafaaetznslcppa8exqc0zhfr4j0t0ej
267,juno1tt9ju2r0y6ql43zdz9ts00qymmxmm5jrmk7nnr
268,juno1txhrz5gy5gf2heu54j5l6wzcx8kfh3qz0tkw46
269,juno1txxvcp7uwlmm44a35me5k49pupnq0c6hxjghvq
270,juno1u3tpftwf57nas6pq7ke4c0ca5726j6209lrf20
271,juno1uaux0dl3gh40y9czng2eqn2d52uu8afvx3cpsn
272,juno1ufvcwvzcfzm3ft4u54kweuy8y9zz3llr2nfh4n
273,juno1uk0epksqcp27qvxmdphwxmdtep54l7cg97phwj
274,juno1ukxxwfx86jpywk2z6qdv57hw5e98wf5a47j6k0
275,juno1umx22am6sr3w60tf5qmvepyfl7h8q039gj3arv
276,juno1up7p4uhgzfzrk6fnqjes0wty9rv7q0yxzuw4zm
277,juno1usml7w3traqdmyngmk6pwgmrajdvfx3098m8n5
278,juno1v2ytakyw3nlj6yuuc4z2rwcwwszwefnacyj55z
279,juno1v4mq9u0pnrhk2ysy06nunwsclm2d8c6sj9l4n0
280,juno1vfyjcw5xhggwtappgvppkn7gruhvpzdsdfela9
281,juno1vghc0rcgh85fhftyh3vtqfz26ukjvk40kwlu5a
282,juno1vhyqz95vsq0j3k7575vqef47f5avvqnttlwp9n
283,juno1vj96kyvy2c0q0na98dzu5f2999n57wvh42agrh
284,juno1vv2nm8tvpyx88r07hx5x4zyctpkztp6yx9uwzu
285,juno1vwjplhw38zdqsx8jeqf5yl7kmv4059numa33q8
286,juno1w6n8wg0se2alsdru6ttp7lwmrkspvh7mgx5mhr
287,juno1w78qx40epfyzxykj29d3n3t6a65hgrpv6slssj
288,juno1w7rqxmjnpeeaugl7z37mntu5rykljyjxqt6zkt
289,juno1w8800khamp94n7htclskt0hdlxe9rn8c47wp7p
290,juno1wd3j7cvcnr3pfey4fx2mz9xml9euu68zytcyh0
291,juno1wetfw943qvguzh2x26ukd7t0ukmqjsjuusn93d
292,juno1wqdmtvhk87vclhft7lnpw79f4r7add8qzgh0td
293,juno1wv8s3cflrukukpe8wt0t246ewamshqlnpw2pfa
294,juno1wvz4hsrjpwnttxyjp0wtmhadawurj693ryjpr5
295,juno1wwtv3y56gva9lhtl0q72psf82etw4puq8dy3kd
296,juno1wxpkaxsvke6r2m2qptvf75vh2nepg8gclaj6gt
297,juno1wz4e7nqhkwl6qw39nnxs92jegf5j9wcqzuu98y
298,juno1x3l5ddq8t78u490lt4u44f0zmltkh26leyc3xv
299,juno1x58mkpx86ch4llddpf0cu9c8gdj0ry2kdne45v
300,juno1x8h069z68xtwg9ssf0gjvu80t4xwehx3elhfd2
301,juno1xcuk5lls8pf08k5glj578afau223tv30hrkvud
302,juno1xd5ja4z2jap2wrrn9l6jk5dfhku0m234mr57v8
303,juno1xewhejft0uqljs5he8g8awdyha5kyh5pjptg04
304,juno1xgj0s38c8hn7dsdkus3xfvzxyr5zh42vgzn55l
305,juno1xu5sm7jv47v4rhcs7dnemsvhtcswj5gpl5fsfy
306,juno1xz0jvgqh4ynpzj2ud85mv90xq7weqqnrrsjldl
307,juno1xza23c70p8jxngz7yxmtcft2l0rx7jm8043d8m
308,juno1y03trwazguex20fw3ckxg0jd8gmpjh3xyufn4q
309,juno1y2htpgh4auuey0xhq7vun8nm456sch3m0mdv4z
310,juno1y92llc8ca94d0cu02s72cdwpqqfks2dzcpc379
311,juno1y9afp9xzuk8kj4qdmgsaa7hw4dxf4czy0wmevh
312,juno1yapj782cpsx9u2nd4fv7yvqrumv9jlzrqkeuwv
313,juno1yd5aede8edj0qwn4vk9mf5zwnu64w6xkrxujz6
314,juno1yl3rrgfj5f0flftlrn0r79alaemq6t6r38jx5n
315,juno1ylw6suvvtacjqhyxgl8pyeen6km9902349n3ql
316,juno1yqvxyhzqd4e6mg6hhd0x08jr5yg6mdzjgvyt5k
317,juno1yr8fgts6d76g0u847zkng2e9l9nk4stwfm9tlj
318,juno1z3ptudq7wsgtxurln0tznc5cuutq30a43u5tu6
319,juno1z52du9vgsdpxe70j9hqvsnp8a6lkqxx63y23f0
320,juno1z5zq67l0gyje8stunfq5jczvns4y0zx82fq7qe
321,juno1zccl3477kwcw88lzy398v83nkw4xufmw3vgn95
322,juno1zgaj2w950llsludydz5xmcp609uk02ys8c77m6
323,juno1zmaz26kqqfukxcvmce9q2ausg69kqd3fdz0gvt
324,juno1zn0j3p9lyaghh9mfnyhskwwwl8a5nwm80uwwxv
325,juno1zqv58alxz2cyvdqdq2nz393kjy56edu3czn4r9
326,juno1zts26lj8797a5395906x04x0hhfrgh5cqeaaxe
327,juno1d0lkqv8qywkx02zfekhrgsfutepep29wkjd454
328,juno1fcrd85d5h8pvu9mr34zg67hqh5h6xyndv09fgu
329,juno13qpuxenc2mdmskrsdnyly796mxwdkfu07cjx87
330,juno107utyzazxggqycsk793psvs2n5c4mktltf6ut3
331,juno10jel6r89yzvaml8tf7alhfwzwgyx0ake7dlgh8
332,juno1cfzs6k7vgxj5rg53yuk4wyu7dk09lezzcfaya8
